instant	dteday	season	yr	mnth	holiday	weekday	workingday	weathersit	temp	atemp	hum	windspeed	casual	registered	cnt
1	01/01/2011	1	0	1	0	6	0	2	344167	363625	805833	160446	331	654	985
2	02/01/2011	1	0	1	0	0	0	2	363478	353739	696087	248539	131	670	801
3	03/01/2011	1	0	1	0	1	1	1	196364	189405	437273	248309	120	1229	1349
4	04/01/2011	1	0	1	0	2	1	1	2	212122	590435	160296	108	1454	1562
5	05/01/2011	1	0	1	0	3	1	1	226957	22927	436957	1869	82	1518	1600
6	06/01/2011	1	0	1	0	4	1	1	204348	233209	518261	895652	88	1518	1606
7	07/01/2011	1	0	1	0	5	1	2	196522	208839	498696	168726	148	1362	1510
8	08/01/2011	1	0	1	0	6	0	2	165	162254	535833	266804	68	891	959
9	09/01/2011	1	0	1	0	0	0	1	138333	116175	434167	36195	54	768	822
10	10/01/2011	1	0	1	0	1	1	1	150833	150888	482917	223267	41	1280	1321
11	11/01/2011	1	0	1	0	2	1	2	169091	191464	686364	122132	43	1220	1263
12	12/01/2011	1	0	1	0	3	1	1	172727	160473	599545	304627	25	1137	1162
13	13/01/2011	1	0	1	0	4	1	1	165	150883	470417	301	38	1368	1406
14	14/01/2011	1	0	1	0	5	1	1	16087	188413	537826	126548	54	1367	1421
15	15/01/2011	1	0	1	0	6	0	2	233333	248112	49875	157963	222	1026	1248
16	16/01/2011	1	0	1	0	0	0	1	231667	234217	48375	188433	251	953	1204
17	17/01/2011	1	0	1	1	1	0	2	175833	176771	5375	194017	117	883	1000
18	18/01/2011	1	0	1	0	2	1	2	216667	232333	861667	146775	9	674	683
19	19/01/2011	1	0	1	0	3	1	2	292174	298422	741739	208317	78	1572	1650
20	20/01/2011	1	0	1	0	4	1	2	261667	25505	538333	195904	83	1844	1927
21	21/01/2011	1	0	1	0	5	1	1	1775	157833	457083	353242	75	1468	1543
22	22/01/2011	1	0	1	0	6	0	1	591304	790696	4	17197	93	888	981
23	23/01/2011	1	0	1	0	0	0	1	965217	988391	436522	2466	150	836	986
24	24/01/2011	1	0	1	0	1	1	1	973913	11793	491739	15833	86	1330	1416
25	25/01/2011	1	0	1	0	2	1	2	223478	234526	616957	129796	186	1799	1985
26	26/01/2011	1	0	1	0	3	1	3	2175	2036	8625	29385	34	472	506
27	27/01/2011	1	0	1	0	4	1	1	195	2197	6875	113837	15	416	431
28	28/01/2011	1	0	1	0	5	1	2	203478	223317	793043	1233	38	1129	1167
29	29/01/2011	1	0	1	0	6	0	1	196522	212126	651739	145365	123	975	1098
30	30/01/2011	1	0	1	0	0	0	1	216522	250322	722174	739826	140	956	1096
31	31/01/2011	1	0	1	0	1	1	2	180833	18625	60375	187192	42	1459	1501
32	01/02/2011	1	0	2	0	2	1	2	192174	23453	829565	53213	47	1313	1360
33	02/02/2011	1	0	2	0	3	1	2	26	254417	775417	264308	72	1454	1526
34	03/02/2011	1	0	2	0	4	1	1	186957	177878	437826	277752	61	1489	1550
35	04/02/2011	1	0	2	0	5	1	2	211304	228587	585217	127839	88	1620	1708
36	05/02/2011	1	0	2	0	6	0	2	233333	243058	929167	161079	100	905	1005
37	06/02/2011	1	0	2	0	0	0	1	285833	291671	568333	1418	354	1269	1623
38	07/02/2011	1	0	2	0	1	1	1	271667	303658	738333	454083	120	1592	1712
39	08/02/2011	1	0	2	0	2	1	1	220833	198246	537917	36195	64	1466	1530
40	09/02/2011	1	0	2	0	3	1	2	134783	144283	494783	188839	53	1552	1605
41	10/02/2011	1	0	2	0	4	1	1	144348	149548	437391	221935	47	1491	1538
42	11/02/2011	1	0	2	0	5	1	1	189091	213509	506364	10855	149	1597	1746
43	12/02/2011	1	0	2	0	6	0	1	2225	232954	544167	203367	288	1184	1472
44	13/02/2011	1	0	2	0	0	0	1	316522	324113	457391	260883	397	1192	1589
45	14/02/2011	1	0	2	0	1	1	1	415	39835	375833	417908	208	1705	1913
46	15/02/2011	1	0	2	0	2	1	1	266087	254274	314348	291374	140	1675	1815
47	16/02/2011	1	0	2	0	3	1	1	318261	3162	423478	251791	218	1897	2115
48	17/02/2011	1	0	2	0	4	1	1	435833	428658	505	230104	259	2216	2475
49	18/02/2011	1	0	2	0	5	1	1	521667	511983	516667	264925	579	2348	2927
50	19/02/2011	1	0	2	0	6	0	1	399167	391404	187917	507463	532	1103	1635
51	20/02/2011	1	0	2	0	0	0	1	285217	27733	407826	223235	639	1173	1812
52	21/02/2011	1	0	2	1	1	0	2	303333	284075	605	307846	195	912	1107
53	22/02/2011	1	0	2	0	2	1	1	182222	186033	577778	195683	74	1376	1450
54	23/02/2011	1	0	2	0	3	1	1	221739	245717	423043	94113	139	1778	1917
55	24/02/2011	1	0	2	0	4	1	2	295652	289191	697391	250496	100	1707	1807
56	25/02/2011	1	0	2	0	5	1	2	364348	350461	712174	346539	120	1341	1461
57	26/02/2011	1	0	2	0	6	0	1	2825	282192	537917	186571	424	1545	1969
58	27/02/2011	1	0	2	0	0	0	1	343478	351109	68	125248	694	1708	2402
59	28/02/2011	1	0	2	0	1	1	2	407273	400118	876364	289686	81	1365	1446
60	01/03/2011	1	0	3	0	2	1	1	266667	263879	535	216425	137	1714	1851
61	02/03/2011	1	0	3	0	3	1	1	335	320071	449583	307833	231	1903	2134
62	03/03/2011	1	0	3	0	4	1	1	198333	200133	318333	225754	123	1562	1685
63	04/03/2011	1	0	3	0	5	1	2	261667	255679	610417	203346	214	1730	1944
64	05/03/2011	1	0	3	0	6	0	2	384167	378779	789167	251871	640	1437	2077
65	06/03/2011	1	0	3	0	0	0	2	376522	366252	948261	343287	114	491	605
66	07/03/2011	1	0	3	0	1	1	1	261739	238461	551304	341352	244	1628	1872
67	08/03/2011	1	0	3	0	2	1	1	2925	3024	420833	12065	316	1817	2133
68	09/03/2011	1	0	3	0	3	1	2	295833	286608	775417	22015	191	1700	1891
69	10/03/2011	1	0	3	0	4	1	3	389091	385668	0	261877	46	577	623
70	11/03/2011	1	0	3	0	5	1	2	316522	305	649565	23297	247	1730	1977
71	12/03/2011	1	0	3	0	6	0	1	329167	32575	594583	220775	724	1408	2132
72	13/03/2011	1	0	3	0	0	0	1	384348	380091	527391	270604	982	1435	2417
73	14/03/2011	1	0	3	0	1	1	1	325217	332	496957	136926	359	1687	2046
74	15/03/2011	1	0	3	0	2	1	2	317391	318178	655652	184309	289	1767	2056
75	16/03/2011	1	0	3	0	3	1	2	365217	36693	776522	203117	321	1871	2192
76	17/03/2011	1	0	3	0	4	1	1	415	410333	602917	209579	424	2320	2744
77	18/03/2011	1	0	3	0	5	1	1	54	527009	525217	231017	884	2355	3239
78	19/03/2011	1	0	3	0	6	0	1	4725	466525	379167	368167	1424	1693	3117
79	20/03/2011	1	0	3	0	0	0	1	3325	32575	47375	207721	1047	1424	2471
80	21/03/2011	2	0	3	0	1	1	2	430435	409735	737391	288783	401	1676	2077
81	22/03/2011	2	0	3	0	2	1	1	441667	440642	624583	22575	460	2243	2703
82	23/03/2011	2	0	3	0	3	1	2	346957	337939	839565	234261	203	1918	2121
83	24/03/2011	2	0	3	0	4	1	2	285	270833	805833	243787	166	1699	1865
84	25/03/2011	2	0	3	0	5	1	1	264167	256312	495	230725	300	1910	2210
85	26/03/2011	2	0	3	0	6	0	1	265833	257571	394167	209571	981	1515	2496
86	27/03/2011	2	0	3	0	0	0	2	253043	250339	493913	1843	472	1221	1693
87	28/03/2011	2	0	3	0	1	1	1	264348	257574	302174	212204	222	1806	2028
88	29/03/2011	2	0	3	0	2	1	1	3025	292908	314167	226996	317	2108	2425
89	30/03/2011	2	0	3	0	3	1	2	3	29735	646667	172888	168	1368	1536
90	31/03/2011	2	0	3	0	4	1	3	268333	257575	918333	217646	179	1506	1685
91	01/04/2011	2	0	4	0	5	1	2	3	283454	68625	258708	307	1920	2227
92	02/04/2011	2	0	4	0	6	0	2	315	315637	65375	197146	898	1354	2252
93	03/04/2011	2	0	4	0	0	0	1	378333	378767	48	182213	1651	1598	3249
94	04/04/2011	2	0	4	0	1	1	1	573333	542929	42625	385571	734	2381	3115
95	05/04/2011	2	0	4	0	2	1	2	414167	39835	642083	388067	167	1628	1795
96	06/04/2011	2	0	4	0	3	1	1	390833	387608	470833	263063	413	2395	2808
97	07/04/2011	2	0	4	0	4	1	1	4375	433696	602917	162312	571	2570	3141
98	08/04/2011	2	0	4	0	5	1	2	335833	324479	83625	226992	172	1299	1471
99	09/04/2011	2	0	4	0	6	0	2	3425	341529	8775	133083	879	1576	2455
100	10/04/2011	2	0	4	0	0	0	2	426667	426737	8575	146767	1188	1707	2895
101	11/04/2011	2	0	4	0	1	1	2	595652	565217	716956	324474	855	2493	3348
102	12/04/2011	2	0	4	0	2	1	2	5025	493054	739167	274879	257	1777	2034
103	13/04/2011	2	0	4	0	3	1	2	4125	417283	819167	250617	209	1953	2162
104	14/04/2011	2	0	4	0	4	1	1	4675	462742	540417	1107	529	2738	3267
105	15/04/2011	2	0	4	1	5	0	1	446667	441913	67125	226375	642	2484	3126
106	16/04/2011	2	0	4	0	6	0	3	430833	425492	888333	340808	121	674	795
107	17/04/2011	2	0	4	0	0	0	1	456667	445696	479583	303496	1558	2186	3744
108	18/04/2011	2	0	4	0	1	1	1	5125	503146	5425	163567	669	2760	3429
109	19/04/2011	2	0	4	0	2	1	2	505833	489258	665833	157971	409	2795	3204
110	20/04/2011	2	0	4	0	3	1	1	595	564392	614167	241925	613	3331	3944
111	21/04/2011	2	0	4	0	4	1	1	459167	453892	407083	325258	745	3444	4189
112	22/04/2011	2	0	4	0	5	1	2	336667	321954	729583	219521	177	1506	1683
113	23/04/2011	2	0	4	0	6	0	2	46	450121	887917	230725	1462	2574	4036
114	24/04/2011	2	0	4	0	0	0	2	581667	551763	810833	192175	1710	2481	4191
115	25/04/2011	2	0	4	0	1	1	1	606667	5745	776667	185333	773	3300	4073
116	26/04/2011	2	0	4	0	2	1	1	631667	594083	729167	3265	678	3722	4400
117	27/04/2011	2	0	4	0	3	1	2	62	575142	835417	3122	547	3325	3872
118	28/04/2011	2	0	4	0	4	1	2	6175	578929	700833	320908	569	3489	4058
119	29/04/2011	2	0	4	0	5	1	1	51	497463	457083	240063	878	3717	4595
120	30/04/2011	2	0	4	0	6	0	1	4725	464021	503333	235075	1965	3347	5312
121	01/05/2011	2	0	5	0	0	0	2	451667	448204	762083	106354	1138	2213	3351
122	02/05/2011	2	0	5	0	1	1	2	549167	532833	73	183454	847	3554	4401
123	03/05/2011	2	0	5	0	2	1	2	616667	582079	697083	342667	603	3848	4451
124	04/05/2011	2	0	5	0	3	1	2	414167	40465	737083	328996	255	2378	2633
125	05/05/2011	2	0	5	0	4	1	1	459167	441917	444167	295392	614	3819	4433
126	06/05/2011	2	0	5	0	5	1	1	479167	474117	59	228246	894	3714	4608
127	07/05/2011	2	0	5	0	6	0	1	52	512621	54125	16045	1612	3102	4714
128	08/05/2011	2	0	5	0	0	0	1	528333	518933	631667	746375	1401	2932	4333
129	09/05/2011	2	0	5	0	1	1	1	5325	525246	58875	176	664	3698	4362
130	10/05/2011	2	0	5	0	2	1	1	5325	522721	489167	115671	694	4109	4803
131	11/05/2011	2	0	5	0	3	1	1	5425	5284	632917	120642	550	3632	4182
132	12/05/2011	2	0	5	0	4	1	1	535	523363	7475	189667	695	4169	4864
133	13/05/2011	2	0	5	0	5	1	2	5125	4943	863333	179725	692	3413	4105
134	14/05/2011	2	0	5	0	6	0	2	520833	500629	9225	13495	902	2507	3409
135	15/05/2011	2	0	5	0	0	0	2	5625	536	867083	152979	1582	2971	4553
136	16/05/2011	2	0	5	0	1	1	1	5775	550512	787917	126871	773	3185	3958
137	17/05/2011	2	0	5	0	2	1	2	561667	538529	837917	277354	678	3445	4123
138	18/05/2011	2	0	5	0	3	1	2	55	527158	87	201492	536	3319	3855
139	19/05/2011	2	0	5	0	4	1	2	530833	510742	829583	108213	735	3840	4575
140	20/05/2011	2	0	5	0	5	1	1	536667	529042	719583	125013	909	4008	4917
141	21/05/2011	2	0	5	0	6	0	1	6025	571975	626667	12065	2258	3547	5805
142	22/05/2011	2	0	5	0	0	0	1	604167	5745	749583	148008	1576	3084	4660
143	23/05/2011	2	0	5	0	1	1	2	631667	590296	81	233842	836	3438	4274
144	24/05/2011	2	0	5	0	2	1	2	66	604813	740833	207092	659	3833	4492
145	25/05/2011	2	0	5	0	3	1	1	660833	615542	69625	154233	740	4238	4978
146	26/05/2011	2	0	5	0	4	1	1	708333	654688	6775	199642	758	3919	4677
147	27/05/2011	2	0	5	0	5	1	1	681667	637008	65375	240679	871	3808	4679
148	28/05/2011	2	0	5	0	6	0	1	655833	612379	729583	230092	2001	2757	4758
149	29/05/2011	2	0	5	0	0	0	1	6675	61555	81875	213938	2355	2433	4788
150	30/05/2011	2	0	5	1	1	0	1	733333	671092	685	131225	1549	2549	4098
151	31/05/2011	2	0	5	0	2	1	1	775	725383	636667	111329	673	3309	3982
152	01/06/2011	2	0	6	0	3	1	2	764167	720967	677083	207092	513	3461	3974
153	02/06/2011	2	0	6	0	4	1	1	715	643942	305	292287	736	4232	4968
154	03/06/2011	2	0	6	0	5	1	1	62	587133	354167	253121	898	4414	5312
155	04/06/2011	2	0	6	0	6	0	1	635	594696	45625	123142	1869	3473	5342
156	05/06/2011	2	0	6	0	0	0	2	648333	616804	6525	138692	1685	3221	4906
157	06/06/2011	2	0	6	0	1	1	1	678333	621858	6	121896	673	3875	4548
158	07/06/2011	2	0	6	0	2	1	1	7075	65595	597917	187808	763	4070	4833
159	08/06/2011	2	0	6	0	3	1	1	775833	727279	622083	136817	676	3725	4401
160	09/06/2011	2	0	6	0	4	1	2	808333	757579	568333	149883	563	3352	3915
161	10/06/2011	2	0	6	0	5	1	1	755	703292	605	140554	815	3771	4586
162	11/06/2011	2	0	6	0	6	0	1	725	678038	654583	15485	1729	3237	4966
163	12/06/2011	2	0	6	0	0	0	1	6925	643325	747917	163567	1467	2993	4460
164	13/06/2011	2	0	6	0	1	1	1	635	601654	494583	30535	863	4157	5020
165	14/06/2011	2	0	6	0	2	1	1	604167	591546	507083	269283	727	4164	4891
166	15/06/2011	2	0	6	0	3	1	1	626667	587754	471667	167912	769	4411	5180
167	16/06/2011	2	0	6	0	4	1	2	628333	595346	688333	206471	545	3222	3767
168	17/06/2011	2	0	6	0	5	1	1	649167	600383	735833	143029	863	3981	4844
169	18/06/2011	2	0	6	0	6	0	1	696667	643954	670417	119408	1807	3312	5119
170	19/06/2011	2	0	6	0	0	0	2	699167	645846	666667	102	1639	3105	4744
171	20/06/2011	2	0	6	0	1	1	2	635	595346	74625	155475	699	3311	4010
172	21/06/2011	3	0	6	0	2	1	2	680833	637646	770417	171025	774	4061	4835
173	22/06/2011	3	0	6	0	3	1	1	733333	693829	7075	172262	661	3846	4507
174	23/06/2011	3	0	6	0	4	1	2	728333	693833	703333	238804	746	4044	4790
175	24/06/2011	3	0	6	0	5	1	1	724167	656583	573333	222025	969	4022	4991
176	25/06/2011	3	0	6	0	6	0	1	695	643313	483333	209571	1782	3420	5202
177	26/06/2011	3	0	6	0	0	0	1	68	637629	513333	945333	1920	3385	5305
178	27/06/2011	3	0	6	0	1	1	2	6825	637004	658333	107588	854	3854	4708
179	28/06/2011	3	0	6	0	2	1	1	744167	692558	634167	144283	732	3916	4648
180	29/06/2011	3	0	6	0	3	1	1	728333	654688	497917	261821	848	4377	5225
181	30/06/2011	3	0	6	0	4	1	1	696667	637008	434167	185312	1027	4488	5515
182	01/07/2011	3	0	7	0	5	1	1	7225	652162	39625	102608	1246	4116	5362
183	02/07/2011	3	0	7	0	6	0	1	738333	667308	444583	115062	2204	2915	5119
184	03/07/2011	3	0	7	0	0	0	2	716667	668575	6825	228858	2282	2367	4649
185	04/07/2011	3	0	7	1	1	0	2	726667	665417	637917	814792	3065	2978	6043
186	05/07/2011	3	0	7	0	2	1	1	746667	696338	590417	126258	1031	3634	4665
187	06/07/2011	3	0	7	0	3	1	1	72	685633	743333	149883	784	3845	4629
188	07/07/2011	3	0	7	0	4	1	1	75	686871	65125	1592	754	3838	4592
189	08/07/2011	3	0	7	0	5	1	2	709167	670483	757917	225129	692	3348	4040
190	09/07/2011	3	0	7	0	6	0	1	733333	664158	609167	167912	1988	3348	5336
191	10/07/2011	3	0	7	0	0	0	1	7475	690025	578333	183471	1743	3138	4881
192	11/07/2011	3	0	7	0	1	1	1	7625	729804	635833	282337	723	3363	4086
193	12/07/2011	3	0	7	0	2	1	1	794167	739275	559167	200254	662	3596	4258
194	13/07/2011	3	0	7	0	3	1	1	746667	689404	631667	146133	748	3594	4342
195	14/07/2011	3	0	7	0	4	1	1	680833	635104	47625	240667	888	4196	5084
196	15/07/2011	3	0	7	0	5	1	1	663333	624371	59125	182833	1318	4220	5538
197	16/07/2011	3	0	7	0	6	0	1	686667	638263	585	208342	2418	3505	5923
198	17/07/2011	3	0	7	0	0	0	1	719167	669833	604167	245033	2006	3296	5302
199	18/07/2011	3	0	7	0	1	1	1	746667	703925	65125	215804	841	3617	4458
200	19/07/2011	3	0	7	0	2	1	1	776667	747479	650417	1306	752	3789	4541
201	20/07/2011	3	0	7	0	3	1	1	768333	74685	707083	113817	644	3688	4332
202	21/07/2011	3	0	7	0	4	1	2	815	826371	69125	222021	632	3152	3784
203	22/07/2011	3	0	7	0	5	1	1	848333	840896	580417	1331	562	2825	3387
204	23/07/2011	3	0	7	0	6	0	1	849167	804287	5	131221	987	2298	3285
205	24/07/2011	3	0	7	0	0	0	1	83	794829	550833	169171	1050	2556	3606
206	25/07/2011	3	0	7	0	1	1	1	743333	720958	757083	908083	568	3272	3840
207	26/07/2011	3	0	7	0	2	1	1	771667	696979	540833	200258	750	3840	4590
208	27/07/2011	3	0	7	0	3	1	1	775	690667	402917	183463	755	3901	4656
209	28/07/2011	3	0	7	0	4	1	1	779167	7399	583333	178479	606	3784	4390
210	29/07/2011	3	0	7	0	5	1	1	838333	785967	5425	174138	670	3176	3846
211	30/07/2011	3	0	7	0	6	0	1	804167	728537	465833	168537	1559	2916	4475
212	31/07/2011	3	0	7	0	0	0	1	805833	729796	480833	164813	1524	2778	4302
213	01/08/2011	3	0	8	0	1	1	1	771667	703292	550833	156717	729	3537	4266
214	02/08/2011	3	0	8	0	2	1	1	783333	707071	49125	20585	801	4044	4845
215	03/08/2011	3	0	8	0	3	1	2	731667	679937	6575	135583	467	3107	3574
216	04/08/2011	3	0	8	0	4	1	2	71	664788	7575	19715	799	3777	4576
217	05/08/2011	3	0	8	0	5	1	1	710833	656567	630833	184696	1023	3843	4866
218	06/08/2011	3	0	8	0	6	0	2	716667	676154	755	22825	1521	2773	4294
219	07/08/2011	3	0	8	0	0	0	1	7425	715292	752917	201487	1298	2487	3785
220	08/08/2011	3	0	8	0	1	1	1	765	703283	592083	192175	846	3480	4326
221	09/08/2011	3	0	8	0	2	1	1	775	724121	570417	151121	907	3695	4602
222	10/08/2011	3	0	8	0	3	1	1	766667	684983	424167	200258	884	3896	4780
223	11/08/2011	3	0	8	0	4	1	1	7175	651521	42375	164796	812	3980	4792
224	12/08/2011	3	0	8	0	5	1	1	708333	654042	415	125621	1051	3854	4905
225	13/08/2011	3	0	8	0	6	0	2	685833	645858	729583	211454	1504	2646	4150
226	14/08/2011	3	0	8	0	0	0	2	676667	624388	8175	222633	1338	2482	3820
227	15/08/2011	3	0	8	0	1	1	1	665833	616167	712083	208954	775	3563	4338
228	16/08/2011	3	0	8	0	2	1	1	700833	645837	578333	236329	721	4004	4725
229	17/08/2011	3	0	8	0	3	1	1	723333	666671	575417	143667	668	4026	4694
230	18/08/2011	3	0	8	0	4	1	1	711667	662258	654583	233208	639	3166	3805
231	19/08/2011	3	0	8	0	5	1	2	685	633221	722917	139308	797	3356	4153
232	20/08/2011	3	0	8	0	6	0	1	6975	648996	674167	104467	1914	3277	5191
233	21/08/2011	3	0	8	0	0	0	1	710833	675525	77	248754	1249	2624	3873
234	22/08/2011	3	0	8	0	1	1	1	691667	638254	47	27675	833	3925	4758
235	23/08/2011	3	0	8	0	2	1	1	640833	606067	455417	146763	1281	4614	5895
236	24/08/2011	3	0	8	0	3	1	1	673333	630692	605	253108	949	4181	5130
237	25/08/2011	3	0	8	0	4	1	2	684167	645854	771667	210833	435	3107	3542
238	26/08/2011	3	0	8	0	5	1	1	7	659733	76125	839625	768	3893	4661
239	27/08/2011	3	0	8	0	6	0	2	68	635556	85	375617	226	889	1115
240	28/08/2011	3	0	8	0	0	0	1	707059	647959	561765	304659	1415	2919	4334
241	29/08/2011	3	0	8	0	1	1	1	636667	607958	554583	159825	729	3905	4634
242	30/08/2011	3	0	8	0	2	1	1	639167	594704	548333	125008	775	4429	5204
243	31/08/2011	3	0	8	0	3	1	1	656667	611121	597917	833333	688	4370	5058
244	01/09/2011	3	0	9	0	4	1	1	655	614921	639167	141796	783	4332	5115
245	02/09/2011	3	0	9	0	5	1	2	643333	604808	727083	139929	875	3852	4727
246	03/09/2011	3	0	9	0	6	0	1	669167	633213	716667	185325	1935	2549	4484
247	04/09/2011	3	0	9	0	0	0	1	709167	665429	742083	206467	2521	2419	4940
248	05/09/2011	3	0	9	1	1	0	2	673333	625646	790417	212696	1236	2115	3351
249	06/09/2011	3	0	9	0	2	1	3	54	5152	886957	343943	204	2506	2710
250	07/09/2011	3	0	9	0	3	1	3	599167	544229	917083	970208	118	1878	1996
251	08/09/2011	3	0	9	0	4	1	3	633913	555361	939565	192748	153	1689	1842
252	09/09/2011	3	0	9	0	5	1	2	65	578946	897917	124379	417	3127	3544
253	10/09/2011	3	0	9	0	6	0	1	66	607962	75375	153608	1750	3595	5345
254	11/09/2011	3	0	9	0	0	0	1	653333	609229	71375	115054	1633	3413	5046
255	12/09/2011	3	0	9	0	1	1	1	644348	60213	692174	88913	690	4023	4713
256	13/09/2011	3	0	9	0	2	1	1	650833	603554	7125	141804	701	4062	4763
257	14/09/2011	3	0	9	0	3	1	1	673333	6269	697083	1673	647	4138	4785
258	15/09/2011	3	0	9	0	4	1	2	5775	553671	709167	271146	428	3231	3659
259	16/09/2011	3	0	9	0	5	1	2	469167	461475	590417	164183	742	4018	4760
260	17/09/2011	3	0	9	0	6	0	2	491667	478512	718333	189675	1434	3077	4511
261	18/09/2011	3	0	9	0	0	0	1	5075	490537	695	178483	1353	2921	4274
262	19/09/2011	3	0	9	0	1	1	2	549167	529675	69	151742	691	3848	4539
263	20/09/2011	3	0	9	0	2	1	2	561667	532217	88125	134954	438	3203	3641
264	21/09/2011	3	0	9	0	3	1	2	595	550533	9	964042	539	3813	4352
265	22/09/2011	3	0	9	0	4	1	2	628333	554963	902083	128125	555	4240	4795
266	23/09/2011	4	0	9	0	5	1	2	609167	522125	9725	783667	258	2137	2395
267	24/09/2011	4	0	9	0	6	0	2	606667	564412	8625	783833	1776	3647	5423
268	25/09/2011	4	0	9	0	0	0	2	634167	572637	845	503792	1544	3466	5010
269	26/09/2011	4	0	9	0	1	1	2	649167	589042	848333	1107	684	3946	4630
270	27/09/2011	4	0	9	0	2	1	2	636667	574525	885417	118171	477	3643	4120
271	28/09/2011	4	0	9	0	3	1	2	635	575158	84875	148629	480	3427	3907
272	29/09/2011	4	0	9	0	4	1	1	616667	574512	699167	172883	653	4186	4839
273	30/09/2011	4	0	9	0	5	1	1	564167	544829	6475	206475	830	4372	5202
274	01/10/2011	4	0	10	0	6	0	2	41	412863	75375	292296	480	1949	2429
275	02/10/2011	4	0	10	0	0	0	2	356667	345317	791667	222013	616	2302	2918
276	03/10/2011	4	0	10	0	1	1	2	384167	392046	760833	833458	330	3240	3570
277	04/10/2011	4	0	10	0	2	1	1	484167	472858	71	205854	486	3970	4456
278	05/10/2011	4	0	10	0	3	1	1	538333	527138	647917	17725	559	4267	4826
279	06/10/2011	4	0	10	0	4	1	1	494167	480425	620833	134954	639	4126	4765
280	07/10/2011	4	0	10	0	5	1	1	510833	504404	684167	223917	949	4036	4985
281	08/10/2011	4	0	10	0	6	0	1	521667	513242	70125	454042	2235	3174	5409
282	09/10/2011	4	0	10	0	0	0	1	540833	523983	7275	6345	2397	3114	5511
283	10/10/2011	4	0	10	1	1	0	1	570833	542925	73375	423042	1514	3603	5117
284	11/10/2011	4	0	10	0	2	1	2	566667	546096	80875	143042	667	3896	4563
285	12/10/2011	4	0	10	0	3	1	3	543333	517717	90625	24815	217	2199	2416
286	13/10/2011	4	0	10	0	4	1	2	589167	551804	896667	141787	290	2623	2913
287	14/10/2011	4	0	10	0	5	1	2	550833	529675	71625	223883	529	3115	3644
288	15/10/2011	4	0	10	0	6	0	1	506667	498725	483333	258083	1899	3318	5217
289	16/10/2011	4	0	10	0	0	0	1	511667	503154	486667	281717	1748	3293	5041
290	17/10/2011	4	0	10	0	1	1	1	534167	510725	579583	175379	713	3857	4570
291	18/10/2011	4	0	10	0	2	1	2	5325	522721	701667	110087	637	4111	4748
292	19/10/2011	4	0	10	0	3	1	3	541739	513848	895217	243339	254	2170	2424
293	20/10/2011	4	0	10	0	4	1	1	475833	466525	63625	422275	471	3724	4195
294	21/10/2011	4	0	10	0	5	1	1	4275	423596	574167	221396	676	3628	4304
295	22/10/2011	4	0	10	0	6	0	1	4225	425492	629167	926667	1499	2809	4308
296	23/10/2011	4	0	10	0	0	0	1	421667	422333	74125	995125	1619	2762	4381
297	24/10/2011	4	0	10	0	1	1	1	463333	457067	772083	118792	699	3488	4187
298	25/10/2011	4	0	10	0	2	1	1	471667	463375	622917	166658	695	3992	4687
299	26/10/2011	4	0	10	0	3	1	2	484167	472846	720417	148642	404	3490	3894
300	27/10/2011	4	0	10	0	4	1	2	47	457046	812917	197763	240	2419	2659
301	28/10/2011	4	0	10	0	5	1	2	330833	318812	585833	229479	456	3291	3747
302	29/10/2011	4	0	10	0	6	0	3	254167	227913	8825	351371	57	570	627
303	30/10/2011	4	0	10	0	0	0	1	319167	321329	62375	176617	885	2446	3331
304	31/10/2011	4	0	10	0	1	1	1	34	356063	703333	10635	362	3307	3669
305	01/11/2011	4	0	11	0	2	1	1	400833	397088	68375	135571	410	3658	4068
306	02/11/2011	4	0	11	0	3	1	1	3775	390133	71875	820917	370	3816	4186
307	03/11/2011	4	0	11	0	4	1	1	408333	405921	702083	136817	318	3656	3974
308	04/11/2011	4	0	11	0	5	1	2	403333	403392	6225	271779	470	3576	4046
309	05/11/2011	4	0	11	0	6	0	1	326667	323854	519167	189062	1156	2770	3926
310	06/11/2011	4	0	11	0	0	0	1	348333	362358	734583	920542	952	2697	3649
311	07/11/2011	4	0	11	0	1	1	1	395	400871	75875	57225	373	3662	4035
312	08/11/2011	4	0	11	0	2	1	1	408333	412246	721667	690375	376	3829	4205
313	09/11/2011	4	0	11	0	3	1	1	4	409079	758333	621958	305	3804	4109
314	10/11/2011	4	0	11	0	4	1	2	38	373721	813333	189067	190	2743	2933
315	11/11/2011	4	0	11	1	5	0	1	324167	306817	44625	314675	440	2928	3368
316	12/11/2011	4	0	11	0	6	0	1	356667	357942	552917	212062	1275	2792	4067
317	13/11/2011	4	0	11	0	0	0	1	440833	43055	458333	281721	1004	2713	3717
318	14/11/2011	4	0	11	0	1	1	1	53	524612	587083	306596	595	3891	4486
319	15/11/2011	4	0	11	0	2	1	2	53	507579	68875	199633	449	3746	4195
320	16/11/2011	4	0	11	0	3	1	3	456667	451988	93	136829	145	1672	1817
321	17/11/2011	4	0	11	0	4	1	2	341667	323221	575833	305362	139	2914	3053
322	18/11/2011	4	0	11	0	5	1	1	274167	272721	41	168533	245	3147	3392
323	19/11/2011	4	0	11	0	6	0	1	329167	324483	502083	224496	943	2720	3663
324	20/11/2011	4	0	11	0	0	0	2	463333	457058	684583	18595	787	2733	3520
325	21/11/2011	4	0	11	0	1	1	3	4475	445062	91	138054	220	2545	2765
326	22/11/2011	4	0	11	0	2	1	3	416667	421696	9625	118792	69	1538	1607
327	23/11/2011	4	0	11	0	3	1	2	440833	430537	757917	335825	112	2454	2566
328	24/11/2011	4	0	11	1	4	0	1	373333	372471	549167	167304	560	935	1495
329	25/11/2011	4	0	11	0	5	1	1	375	380671	64375	988958	1095	1697	2792
330	26/11/2011	4	0	11	0	6	0	1	375833	385087	681667	684208	1249	1819	3068
331	27/11/2011	4	0	11	0	0	0	1	459167	4558	698333	208954	810	2261	3071
332	28/11/2011	4	0	11	0	1	1	1	503478	490122	743043	142122	253	3614	3867
333	29/11/2011	4	0	11	0	2	1	2	458333	451375	830833	258092	96	2818	2914
334	30/11/2011	4	0	11	0	3	1	1	325	311221	613333	271158	188	3425	3613
335	01/12/2011	4	0	12	0	4	1	1	3125	305554	524583	220158	182	3545	3727
336	02/12/2011	4	0	12	0	5	1	1	314167	331433	625833	100754	268	3672	3940
337	03/12/2011	4	0	12	0	6	0	1	299167	310604	612917	957833	706	2908	3614
338	04/12/2011	4	0	12	0	0	0	1	330833	3491	775833	839583	634	2851	3485
339	05/12/2011	4	0	12	0	1	1	2	385833	393925	827083	622083	233	3578	3811
340	06/12/2011	4	0	12	0	2	1	3	4625	4564	949583	232583	126	2468	2594
341	07/12/2011	4	0	12	0	3	1	3	41	400246	970417	266175	50	655	705
342	08/12/2011	4	0	12	0	4	1	1	265833	256938	58	240058	150	3172	3322
343	09/12/2011	4	0	12	0	5	1	1	290833	317542	695833	827167	261	3359	3620
344	10/12/2011	4	0	12	0	6	0	1	275	266412	5075	233221	502	2688	3190
345	11/12/2011	4	0	12	0	0	0	1	220833	253154	49	665417	377	2366	2743
346	12/12/2011	4	0	12	0	1	1	1	238333	270196	670833	6345	143	3167	3310
347	13/12/2011	4	0	12	0	2	1	1	2825	301138	59	14055	155	3368	3523
348	14/12/2011	4	0	12	0	3	1	2	3175	338362	66375	609583	178	3562	3740
349	15/12/2011	4	0	12	0	4	1	2	4225	412237	634167	268042	181	3528	3709
350	16/12/2011	4	0	12	0	5	1	2	375	359825	500417	260575	178	3399	3577
351	17/12/2011	4	0	12	0	6	0	2	258333	249371	560833	243167	275	2464	2739
352	18/12/2011	4	0	12	0	0	0	1	238333	245579	58625	169779	220	2211	2431
353	19/12/2011	4	0	12	0	1	1	1	276667	280933	6375	172896	260	3143	3403
354	20/12/2011	4	0	12	0	2	1	2	385833	396454	595417	615708	216	3534	3750
355	21/12/2011	1	0	12	0	3	1	2	428333	428017	858333	2214	107	2553	2660
356	22/12/2011	1	0	12	0	4	1	2	423333	426121	7575	47275	227	2841	3068
357	23/12/2011	1	0	12	0	5	1	1	373333	377513	68625	274246	163	2046	2209
358	24/12/2011	1	0	12	0	6	0	1	3025	299242	5425	190304	155	856	1011
359	25/12/2011	1	0	12	0	0	0	1	274783	279961	681304	155091	303	451	754
360	26/12/2011	1	0	12	1	1	0	1	321739	315535	506957	239465	430	887	1317
361	27/12/2011	1	0	12	0	2	1	2	325	327633	7625	18845	103	1059	1162
362	28/12/2011	1	0	12	0	3	1	1	29913	279974	503913	293961	255	2047	2302
363	29/12/2011	1	0	12	0	4	1	1	248333	263892	574167	119412	254	2169	2423
364	30/12/2011	1	0	12	0	5	1	1	311667	318812	636667	134337	491	2508	2999
365	31/12/2011	1	0	12	0	6	0	1	41	414121	615833	220154	665	1820	2485
366	01/01/2012	1	1	1	0	0	0	1	37	375621	6925	192167	686	1608	2294
367	02/01/2012	1	1	1	1	1	0	1	273043	252304	381304	329665	244	1707	1951
368	03/01/2012	1	1	1	0	2	1	1	15	126275	44125	365671	89	2147	2236
369	04/01/2012	1	1	1	0	3	1	2	1075	119337	414583	1847	95	2273	2368
370	05/01/2012	1	1	1	0	4	1	1	265833	278412	524167	129987	140	3132	3272
371	06/01/2012	1	1	1	0	5	1	1	334167	340267	542083	167908	307	3791	4098
372	07/01/2012	1	1	1	0	6	0	1	393333	390779	531667	174758	1070	3451	4521
373	08/01/2012	1	1	1	0	0	0	1	3375	340258	465	191542	599	2826	3425
374	09/01/2012	1	1	1	0	1	1	2	224167	247479	701667	989	106	2270	2376
375	10/01/2012	1	1	1	0	2	1	1	308696	318826	646522	187552	173	3425	3598
376	11/01/2012	1	1	1	0	3	1	2	274167	282821	8475	131221	92	2085	2177
377	12/01/2012	1	1	1	0	4	1	2	3825	381938	802917	180967	269	3828	4097
378	13/01/2012	1	1	1	0	5	1	1	274167	249362	5075	378108	174	3040	3214
379	14/01/2012	1	1	1	0	6	0	1	18	183087	4575	187183	333	2160	2493
380	15/01/2012	1	1	1	0	0	0	1	166667	161625	419167	251258	284	2027	2311
381	16/01/2012	1	1	1	1	1	0	1	19	190663	5225	231358	217	2081	2298
382	17/01/2012	1	1	1	0	2	1	2	373043	364278	716087	34913	127	2808	2935
383	18/01/2012	1	1	1	0	3	1	1	303333	275254	443333	415429	109	3267	3376
384	19/01/2012	1	1	1	0	4	1	1	19	190038	4975	220158	130	3162	3292
385	20/01/2012	1	1	1	0	5	1	2	2175	220958	45	20275	115	3048	3163
386	21/01/2012	1	1	1	0	6	0	2	173333	174875	83125	222642	67	1234	1301
387	22/01/2012	1	1	1	0	0	0	2	1625	16225	79625	199638	196	1781	1977
388	23/01/2012	1	1	1	0	1	1	2	218333	243058	91125	110708	145	2287	2432
389	24/01/2012	1	1	1	0	2	1	1	3425	349108	835833	123767	439	3900	4339
390	25/01/2012	1	1	1	0	3	1	1	294167	294821	64375	161071	467	3803	4270
391	26/01/2012	1	1	1	0	4	1	2	341667	35605	769583	733958	244	3831	4075
392	27/01/2012	1	1	1	0	5	1	2	425	415383	74125	342667	269	3187	3456
393	28/01/2012	1	1	1	0	6	0	1	315833	326379	543333	210829	775	3248	4023
394	29/01/2012	1	1	1	0	0	0	1	2825	272721	31125	24005	558	2685	3243
395	30/01/2012	1	1	1	0	1	1	1	269167	262625	400833	215792	126	3498	3624
396	31/01/2012	1	1	1	0	2	1	1	39	381317	416667	261817	324	4185	4509
397	01/02/2012	1	1	2	0	3	1	1	469167	466538	507917	189067	304	4275	4579
398	02/02/2012	1	1	2	0	4	1	2	399167	398971	672917	187187	190	3571	3761
399	03/02/2012	1	1	2	0	5	1	1	313333	309346	526667	178496	310	3841	4151
400	04/02/2012	1	1	2	0	6	0	2	264167	272725	779583	121896	384	2448	2832
401	05/02/2012	1	1	2	0	0	0	2	265833	264521	687917	175996	318	2629	2947
402	06/02/2012	1	1	2	0	1	1	1	282609	296426	622174	1538	206	3578	3784
403	07/02/2012	1	1	2	0	2	1	1	354167	361104	49625	147379	199	4176	4375
404	08/02/2012	1	1	2	0	3	1	2	256667	266421	722917	133721	109	2693	2802
405	09/02/2012	1	1	2	0	4	1	1	265	261988	562083	194037	163	3667	3830
406	10/02/2012	1	1	2	0	5	1	2	280833	293558	54	116929	227	3604	3831
407	11/02/2012	1	1	2	0	6	0	3	224167	210867	73125	289796	192	1977	2169
408	12/02/2012	1	1	2	0	0	0	1	1275	101658	464583	409212	73	1456	1529
409	13/02/2012	1	1	2	0	1	1	1	2225	227913	41125	167283	94	3328	3422
410	14/02/2012	1	1	2	0	2	1	2	319167	333946	50875	141179	135	3787	3922
411	15/02/2012	1	1	2	0	3	1	1	348333	351629	53125	1816	141	4028	4169
412	16/02/2012	1	1	2	0	4	1	2	316667	330162	752917	91425	74	2931	3005
413	17/02/2012	1	1	2	0	5	1	1	343333	351629	634583	205846	349	3805	4154
414	18/02/2012	1	1	2	0	6	0	1	346667	355425	534583	190929	1435	2883	4318
415	19/02/2012	1	1	2	0	0	0	2	28	265788	515833	253112	618	2071	2689
416	20/02/2012	1	1	2	1	1	0	1	28	273391	507826	229083	502	2627	3129
417	21/02/2012	1	1	2	0	2	1	1	287826	295113	594348	205717	163	3614	3777
418	22/02/2012	1	1	2	0	3	1	1	395833	392667	567917	234471	394	4379	4773
419	23/02/2012	1	1	2	0	4	1	1	454167	444446	554583	190913	516	4546	5062
420	24/02/2012	1	1	2	0	5	1	2	4075	410971	7375	237567	246	3241	3487
421	25/02/2012	1	1	2	0	6	0	1	290833	255675	395833	421642	317	2415	2732
422	26/02/2012	1	1	2	0	0	0	1	279167	268308	41	205229	515	2874	3389
423	27/02/2012	1	1	2	0	1	1	1	366667	357954	490833	268033	253	4069	4322
424	28/02/2012	1	1	2	0	2	1	1	359167	353525	395833	193417	229	4134	4363
425	29/02/2012	1	1	2	0	3	1	2	344348	34847	804783	179117	65	1769	1834
426	01/03/2012	1	1	3	0	4	1	1	485833	475371	615417	226987	325	4665	4990
427	02/03/2012	1	1	3	0	5	1	2	353333	359842	657083	144904	246	2948	3194
428	03/03/2012	1	1	3	0	6	0	2	414167	413492	62125	161079	956	3110	4066
429	04/03/2012	1	1	3	0	0	0	1	325833	303021	403333	334571	710	2713	3423
430	05/03/2012	1	1	3	0	1	1	1	243333	241171	50625	228858	203	3130	3333
431	06/03/2012	1	1	3	0	2	1	1	258333	255042	456667	200875	221	3735	3956
432	07/03/2012	1	1	3	0	3	1	1	404167	3851	513333	345779	432	4484	4916
433	08/03/2012	1	1	3	0	4	1	1	5275	524604	5675	441563	486	4896	5382
434	09/03/2012	1	1	3	0	5	1	2	410833	397083	407083	4148	447	4122	4569
435	10/03/2012	1	1	3	0	6	0	1	2875	277767	350417	22575	968	3150	4118
436	11/03/2012	1	1	3	0	0	0	1	361739	35967	476957	222587	1658	3253	4911
437	12/03/2012	1	1	3	0	1	1	1	466667	459592	489167	207713	838	4460	5298
438	13/03/2012	1	1	3	0	2	1	1	565	542929	6175	23695	762	5085	5847
439	14/03/2012	1	1	3	0	3	1	1	5725	548617	507083	115062	997	5315	6312
440	15/03/2012	1	1	3	0	4	1	1	5575	532825	579583	149883	1005	5187	6192
441	16/03/2012	1	1	3	0	5	1	2	435833	436229	842083	113192	548	3830	4378
442	17/03/2012	1	1	3	0	6	0	2	514167	505046	755833	110704	3155	4681	7836
443	18/03/2012	1	1	3	0	0	0	2	4725	464	81	126883	2207	3685	5892
444	19/03/2012	1	1	3	0	1	1	1	545	532821	72875	162317	982	5171	6153
445	20/03/2012	1	1	3	0	2	1	1	560833	538533	807917	121271	1051	5042	6093
446	21/03/2012	2	1	3	0	3	1	2	531667	513258	82125	895583	1122	5108	6230
447	22/03/2012	2	1	3	0	4	1	1	554167	531567	83125	117562	1334	5537	6871
448	23/03/2012	2	1	3	0	5	1	2	601667	570067	694167	1163	2469	5893	8362
449	24/03/2012	2	1	3	0	6	0	2	5025	486733	885417	192783	1033	2339	3372
450	25/03/2012	2	1	3	0	0	0	2	4375	437488	880833	220775	1532	3464	4996
451	26/03/2012	2	1	3	0	1	1	1	445833	43875	477917	386821	795	4763	5558
452	27/03/2012	2	1	3	0	2	1	1	323333	315654	29	187192	531	4571	5102
453	28/03/2012	2	1	3	0	3	1	1	484167	47095	48125	291671	674	5024	5698
454	29/03/2012	2	1	3	0	4	1	1	494167	482304	439167	31965	834	5299	6133
455	30/03/2012	2	1	3	0	5	1	2	37	375621	580833	138067	796	4663	5459
456	31/03/2012	2	1	3	0	6	0	2	424167	421708	738333	250617	2301	3934	6235
457	01/04/2012	2	1	4	0	0	0	2	425833	417287	67625	172267	2347	3694	6041
458	02/04/2012	2	1	4	0	1	1	1	433913	427513	504348	312139	1208	4728	5936
459	03/04/2012	2	1	4	0	2	1	1	466667	461483	396667	100133	1348	5424	6772
460	04/04/2012	2	1	4	0	3	1	1	541667	53345	469583	180975	1058	5378	6436
461	05/04/2012	2	1	4	0	4	1	1	435	431163	374167	219529	1192	5265	6457
462	06/04/2012	2	1	4	0	5	1	1	403333	390767	377083	300388	1807	4653	6460
463	07/04/2012	2	1	4	0	6	0	1	4375	426129	254167	274871	3252	3605	6857
464	08/04/2012	2	1	4	0	0	0	1	5	492425	275833	232596	2230	2939	5169
465	09/04/2012	2	1	4	0	1	1	1	489167	476638	3175	358196	905	4680	5585
466	10/04/2012	2	1	4	0	2	1	1	446667	436233	435	249375	819	5099	5918
467	11/04/2012	2	1	4	0	3	1	1	348696	337274	469565	295274	482	4380	4862
468	12/04/2012	2	1	4	0	4	1	1	3975	387604	46625	290429	663	4746	5409
469	13/04/2012	2	1	4	0	5	1	1	4425	431808	408333	155471	1252	5146	6398
470	14/04/2012	2	1	4	0	6	0	1	495	487996	502917	190917	2795	4665	7460
471	15/04/2012	2	1	4	0	0	0	1	606667	573875	507917	225129	2846	4286	7132
472	16/04/2012	2	1	4	1	1	0	1	664167	614925	561667	284829	1198	5172	6370
473	17/04/2012	2	1	4	0	2	1	1	608333	598487	390417	273629	989	5702	6691
474	18/04/2012	2	1	4	0	3	1	2	463333	457038	569167	167912	347	4020	4367
475	19/04/2012	2	1	4	0	4	1	1	498333	493046	6125	659292	846	5719	6565
476	20/04/2012	2	1	4	0	5	1	1	526667	515775	694583	149871	1340	5950	7290
477	21/04/2012	2	1	4	0	6	0	1	57	542921	682917	283587	2541	4083	6624
478	22/04/2012	2	1	4	0	0	0	3	396667	389504	835417	344546	120	907	1027
479	23/04/2012	2	1	4	0	1	1	2	321667	301125	766667	303496	195	3019	3214
480	24/04/2012	2	1	4	0	2	1	1	413333	405283	454167	249383	518	5115	5633
481	25/04/2012	2	1	4	0	3	1	1	476667	470317	427917	118792	655	5541	6196
482	26/04/2012	2	1	4	0	4	1	2	498333	483583	756667	176625	475	4551	5026
483	27/04/2012	2	1	4	0	5	1	1	4575	452637	400833	347633	1014	5219	6233
484	28/04/2012	2	1	4	0	6	0	2	376667	377504	489583	129975	1120	3100	4220
485	29/04/2012	2	1	4	0	0	0	1	458333	450121	587083	116908	2229	4075	6304
486	30/04/2012	2	1	4	0	1	1	2	464167	457696	57	171638	665	4907	5572
487	01/05/2012	2	1	5	0	2	1	2	613333	577021	659583	156096	653	5087	5740
488	02/05/2012	2	1	5	0	3	1	1	564167	537896	797083	138058	667	5502	6169
489	03/05/2012	2	1	5	0	4	1	2	56	537242	768333	133696	764	5657	6421
490	04/05/2012	2	1	5	0	5	1	1	6275	590917	735417	162938	1069	5227	6296
491	05/05/2012	2	1	5	0	6	0	2	621667	584608	756667	152992	2496	4387	6883
492	06/05/2012	2	1	5	0	0	0	2	5625	546737	74	149879	2135	4224	6359
493	07/05/2012	2	1	5	0	1	1	2	5375	527142	664167	230721	1008	5265	6273
494	08/05/2012	2	1	5	0	2	1	2	581667	557471	685833	296029	738	4990	5728
495	09/05/2012	2	1	5	0	3	1	2	575	553025	744167	216412	620	4097	4717
496	10/05/2012	2	1	5	0	4	1	1	505833	491783	552083	314063	1026	5546	6572
497	11/05/2012	2	1	5	0	5	1	1	533333	520833	360417	236937	1319	5711	7030
498	12/05/2012	2	1	5	0	6	0	1	564167	544817	480417	123133	2622	4807	7429
499	13/05/2012	2	1	5	0	0	0	1	6125	585238	57625	225117	2172	3946	6118
500	14/05/2012	2	1	5	0	1	1	2	573333	5499	789583	212692	342	2501	2843
501	15/05/2012	2	1	5	0	2	1	2	611667	576404	794583	147392	625	4490	5115
502	16/05/2012	2	1	5	0	3	1	1	636667	595975	697917	122512	991	6433	7424
503	17/05/2012	2	1	5	0	4	1	1	593333	572613	52	229475	1242	6142	7384
504	18/05/2012	2	1	5	0	5	1	1	564167	551121	523333	136817	1521	6118	7639
505	19/05/2012	2	1	5	0	6	0	1	6	566908	45625	83975	3410	4884	8294
506	20/05/2012	2	1	5	0	0	0	1	620833	583967	530417	254367	2704	4425	7129
507	21/05/2012	2	1	5	0	1	1	2	598333	565667	81125	233204	630	3729	4359
508	22/05/2012	2	1	5	0	2	1	2	615	580825	765833	118167	819	5254	6073
509	23/05/2012	2	1	5	0	3	1	2	621667	584612	774583	102	766	4494	5260
510	24/05/2012	2	1	5	0	4	1	1	655	6067	716667	172896	1059	5711	6770
511	25/05/2012	2	1	5	0	5	1	1	68	627529	747083	14055	1417	5317	6734
512	26/05/2012	2	1	5	0	6	0	1	6925	642696	7325	198992	2855	3681	6536
513	27/05/2012	2	1	5	0	0	0	1	69	641425	697083	215171	3283	3308	6591
514	28/05/2012	2	1	5	1	1	0	1	7125	6793	67625	196521	2557	3486	6043
515	29/05/2012	2	1	5	0	2	1	1	7225	672992	684583	2954	880	4863	5743
516	30/05/2012	2	1	5	0	3	1	2	656667	611129	67	134329	745	6110	6855
517	31/05/2012	2	1	5	0	4	1	1	68	631329	492917	195279	1100	6238	7338
518	01/06/2012	2	1	6	0	5	1	2	654167	607962	755417	237563	533	3594	4127
519	02/06/2012	2	1	6	0	6	0	1	583333	566288	549167	186562	2795	5325	8120
520	03/06/2012	2	1	6	0	0	0	1	6025	575133	493333	184087	2494	5147	7641
521	04/06/2012	2	1	6	0	1	1	1	5975	578283	487083	284833	1071	5927	6998
522	05/06/2012	2	1	6	0	2	1	2	540833	525892	613333	209575	968	6033	7001
523	06/06/2012	2	1	6	0	3	1	1	554167	542292	61125	77125	1027	6028	7055
524	07/06/2012	2	1	6	0	4	1	1	6025	569442	567083	15735	1038	6456	7494
525	08/06/2012	2	1	6	0	5	1	1	649167	597862	467917	175383	1488	6248	7736
526	09/06/2012	2	1	6	0	6	0	1	710833	648367	437083	144287	2708	4790	7498
527	10/06/2012	2	1	6	0	0	0	1	726667	663517	538333	133721	2224	4374	6598
528	11/06/2012	2	1	6	0	1	1	2	720833	659721	587917	207713	1017	5647	6664
529	12/06/2012	2	1	6	0	2	1	2	653333	597875	833333	214546	477	4495	4972
530	13/06/2012	2	1	6	0	3	1	1	655833	611117	582083	343279	1173	6248	7421
531	14/06/2012	2	1	6	0	4	1	1	648333	624383	569583	253733	1180	6183	7363
532	15/06/2012	2	1	6	0	5	1	1	639167	599754	589583	176617	1563	6102	7665
533	16/06/2012	2	1	6	0	6	0	1	631667	594708	504167	166667	2963	4739	7702
534	17/06/2012	2	1	6	0	0	0	1	5925	571975	59875	144904	2634	4344	6978
535	18/06/2012	2	1	6	0	1	1	2	568333	544842	777917	174746	653	4446	5099
536	19/06/2012	2	1	6	0	2	1	1	688333	654692	69	148017	968	5857	6825
537	20/06/2012	2	1	6	0	3	1	1	7825	720975	592083	113812	872	5339	6211
538	21/06/2012	3	1	6	0	4	1	1	805833	752542	567917	118787	778	5127	5905
539	22/06/2012	3	1	6	0	5	1	1	7775	724121	57375	182842	964	4859	5823
540	23/06/2012	3	1	6	0	6	0	1	731667	652792	534583	179721	2657	4801	7458
541	24/06/2012	3	1	6	0	0	0	1	743333	674254	479167	145525	2551	4340	6891
542	25/06/2012	3	1	6	0	1	1	1	715833	654042	504167	300383	1139	5640	6779
543	26/06/2012	3	1	6	0	2	1	1	630833	594704	373333	347642	1077	6365	7442
544	27/06/2012	3	1	6	0	3	1	1	6975	640792	36	271775	1077	6258	7335
545	28/06/2012	3	1	6	0	4	1	1	749167	675512	4225	17165	921	5958	6879
546	29/06/2012	3	1	6	0	5	1	1	834167	786613	48875	165417	829	4634	5463
547	30/06/2012	3	1	6	0	6	0	1	765	687508	60125	161071	1455	4232	5687
548	01/07/2012	3	1	7	0	0	0	1	815833	750629	51875	168529	1421	4110	5531
549	02/07/2012	3	1	7	0	1	1	1	781667	702038	447083	195267	904	5323	6227
550	03/07/2012	3	1	7	0	2	1	1	780833	70265	492083	126237	1052	5608	6660
551	04/07/2012	3	1	7	1	3	0	1	789167	732337	53875	13495	2562	4841	7403
552	05/07/2012	3	1	7	0	4	1	1	8275	761367	457917	194029	1405	4836	6241
553	06/07/2012	3	1	7	0	5	1	1	828333	752533	450833	146142	1366	4841	6207
554	07/07/2012	3	1	7	0	6	0	1	861667	804913	492083	163554	1448	3392	4840
555	08/07/2012	3	1	7	0	0	0	1	8225	790396	57375	125629	1203	3469	4672
556	09/07/2012	3	1	7	0	1	1	2	710833	654054	683333	180975	998	5571	6569
557	10/07/2012	3	1	7	0	2	1	2	720833	664796	6675	151737	954	5336	6290
558	11/07/2012	3	1	7	0	3	1	1	716667	650271	633333	151733	975	6289	7264
559	12/07/2012	3	1	7	0	4	1	1	715833	654683	529583	146775	1032	6414	7446
560	13/07/2012	3	1	7	0	5	1	2	731667	667933	485833	8085	1511	5988	7499
561	14/07/2012	3	1	7	0	6	0	2	703333	666042	699167	143679	2355	4614	6969
562	15/07/2012	3	1	7	0	0	0	1	745833	705196	717917	166667	1920	4111	6031
563	16/07/2012	3	1	7	0	1	1	1	763333	724125	645	164187	1088	5742	6830
564	17/07/2012	3	1	7	0	2	1	1	818333	755683	505833	114429	921	5865	6786
565	18/07/2012	3	1	7	0	3	1	1	793333	745583	577083	137442	799	4914	5713
566	19/07/2012	3	1	7	0	4	1	1	77	714642	600417	165429	888	5703	6591
567	20/07/2012	3	1	7	0	5	1	2	665833	613025	844167	208967	747	5123	5870
568	21/07/2012	3	1	7	0	6	0	3	595833	549912	865417	2133	1264	3195	4459
569	22/07/2012	3	1	7	0	0	0	2	6675	623125	7625	939208	2544	4866	7410
570	23/07/2012	3	1	7	0	1	1	1	741667	690017	694167	138683	1135	5831	6966
571	24/07/2012	3	1	7	0	2	1	1	750833	70645	655	211454	1140	6452	7592
572	25/07/2012	3	1	7	0	3	1	1	724167	654054	45	1648	1383	6790	8173
573	26/07/2012	3	1	7	0	4	1	1	776667	739263	596667	284813	1036	5825	6861
574	27/07/2012	3	1	7	0	5	1	1	781667	734217	594583	152992	1259	5645	6904
575	28/07/2012	3	1	7	0	6	0	1	755833	697604	613333	15735	2234	4451	6685
576	29/07/2012	3	1	7	0	0	0	1	721667	667933	62375	170396	2153	4444	6597
577	30/07/2012	3	1	7	0	1	1	1	730833	684987	66875	153617	1040	6065	7105
578	31/07/2012	3	1	7	0	2	1	1	713333	662896	704167	165425	968	6248	7216
579	01/08/2012	3	1	8	0	3	1	1	7175	667308	6775	141179	1074	6506	7580
580	02/08/2012	3	1	8	0	4	1	1	7525	707088	659583	129354	983	6278	7261
581	03/08/2012	3	1	8	0	5	1	2	765833	722867	6425	215792	1328	5847	7175
582	04/08/2012	3	1	8	0	6	0	1	793333	751267	613333	257458	2345	4479	6824
583	05/08/2012	3	1	8	0	0	0	1	769167	731079	6525	290421	1707	3757	5464
584	06/08/2012	3	1	8	0	1	1	2	7525	710246	654167	129354	1233	5780	7013
585	07/08/2012	3	1	8	0	2	1	2	735833	697621	70375	116908	1278	5995	7273
586	08/08/2012	3	1	8	0	3	1	2	75	707717	672917	1107	1263	6271	7534
587	09/08/2012	3	1	8	0	4	1	1	755833	699508	620417	1561	1196	6090	7286
588	10/08/2012	3	1	8	0	5	1	2	715833	667942	715833	238813	1065	4721	5786
589	11/08/2012	3	1	8	0	6	0	2	6925	638267	732917	206479	2247	4052	6299
590	12/08/2012	3	1	8	0	0	0	1	700833	644579	530417	122512	2182	4362	6544
591	13/08/2012	3	1	8	0	1	1	1	720833	662254	545417	136212	1207	5676	6883
592	14/08/2012	3	1	8	0	2	1	1	726667	676779	686667	169158	1128	5656	6784
593	15/08/2012	3	1	8	0	3	1	1	706667	654037	619583	169771	1198	6149	7347
594	16/08/2012	3	1	8	0	4	1	1	719167	654688	519167	141796	1338	6267	7605
595	17/08/2012	3	1	8	0	5	1	1	723333	2424	570833	231354	1483	5665	7148
596	18/08/2012	3	1	8	0	6	0	1	678333	618071	603333	177867	2827	5038	7865
597	19/08/2012	3	1	8	0	0	0	2	635833	603554	711667	8645	1208	3341	4549
598	20/08/2012	3	1	8	0	1	1	2	635833	595967	734167	129979	1026	5504	6530
599	21/08/2012	3	1	8	0	2	1	1	649167	601025	67375	727708	1081	5925	7006
600	22/08/2012	3	1	8	0	3	1	1	6675	621854	677083	702833	1094	6281	7375
601	23/08/2012	3	1	8	0	4	1	1	695833	637008	635833	845958	1363	6402	7765
602	24/08/2012	3	1	8	0	5	1	2	7025	6471	615	721458	1325	6257	7582
603	25/08/2012	3	1	8	0	6	0	2	661667	618696	712917	244408	1829	4224	6053
604	26/08/2012	3	1	8	0	0	0	2	653333	595996	845833	228858	1483	3772	5255
605	27/08/2012	3	1	8	0	1	1	1	703333	654688	730417	128733	989	5928	6917
606	28/08/2012	3	1	8	0	2	1	1	728333	66605	62	190925	935	6105	7040
607	29/08/2012	3	1	8	0	3	1	1	685	635733	552083	112562	1177	6520	7697
608	30/08/2012	3	1	8	0	4	1	1	706667	652779	590417	771167	1172	6541	7713
609	31/08/2012	3	1	8	0	5	1	1	764167	6894	5875	168533	1433	5917	7350
610	01/09/2012	3	1	9	0	6	0	2	753333	702654	638333	113187	2352	3788	6140
611	02/09/2012	3	1	9	0	0	0	2	696667	649	815	640708	2613	3197	5810
612	03/09/2012	3	1	9	1	1	0	1	7075	661629	790833	151121	1965	4069	6034
613	04/09/2012	3	1	9	0	2	1	1	725833	686888	755	236321	867	5997	6864
614	05/09/2012	3	1	9	0	3	1	1	736667	708983	74125	187808	832	6280	7112
615	06/09/2012	3	1	9	0	4	1	2	696667	655329	810417	142421	611	5592	6203
616	07/09/2012	3	1	9	0	5	1	1	703333	657204	73625	171646	1045	6459	7504
617	08/09/2012	3	1	9	0	6	0	2	659167	611121	799167	281104	1557	4419	5976
618	09/09/2012	3	1	9	0	0	0	1	61	578925	5475	224496	2570	5657	8227
619	10/09/2012	3	1	9	0	1	1	1	583333	565654	50375	258713	1118	6407	7525
620	11/09/2012	3	1	9	0	2	1	1	5775	554292	52	920542	1070	6697	7767
621	12/09/2012	3	1	9	0	3	1	1	599167	570075	577083	131846	1050	6820	7870
622	13/09/2012	3	1	9	0	4	1	1	6125	579558	637083	827208	1054	6750	7804
623	14/09/2012	3	1	9	0	5	1	1	633333	594083	6725	103863	1379	6630	8009
624	15/09/2012	3	1	9	0	6	0	1	608333	585867	501667	247521	3160	5554	8714
625	16/09/2012	3	1	9	0	0	0	1	58	563125	57	901833	2166	5167	7333
626	17/09/2012	3	1	9	0	1	1	2	580833	55305	734583	151742	1022	5847	6869
627	18/09/2012	3	1	9	0	2	1	2	623333	565067	8725	357587	371	3702	4073
628	19/09/2012	3	1	9	0	3	1	1	5525	540404	536667	215175	788	6803	7591
629	20/09/2012	3	1	9	0	4	1	1	546667	532192	618333	118167	939	6781	7720
630	21/09/2012	3	1	9	0	5	1	1	599167	571971	66875	154229	1250	6917	8167
631	22/09/2012	3	1	9	0	6	0	1	65	610488	646667	283583	2512	5883	8395
632	23/09/2012	4	1	9	0	0	0	1	529167	518933	467083	223258	2454	5453	7907
633	24/09/2012	4	1	9	0	1	1	1	514167	502513	492917	142404	1001	6435	7436
634	25/09/2012	4	1	9	0	2	1	1	55	544179	57	236321	845	6693	7538
635	26/09/2012	4	1	9	0	3	1	1	635	596613	630833	2444	787	6946	7733
636	27/09/2012	4	1	9	0	4	1	2	65	607975	690833	134342	751	6642	7393
637	28/09/2012	4	1	9	0	5	1	2	619167	585863	69	164179	1045	6370	7415
638	29/09/2012	4	1	9	0	6	0	1	5425	530296	542917	227604	2589	5966	8555
639	30/09/2012	4	1	9	0	0	0	1	526667	517663	583333	134958	2015	4874	6889
640	01/10/2012	4	1	10	0	1	1	2	520833	512	649167	908042	763	6015	6778
641	02/10/2012	4	1	10	0	2	1	3	590833	542333	871667	104475	315	4324	4639
642	03/10/2012	4	1	10	0	3	1	2	6575	599133	79375	665458	728	6844	7572
643	04/10/2012	4	1	10	0	4	1	2	6575	607975	722917	117546	891	6437	7328
644	05/10/2012	4	1	10	0	5	1	1	615	580187	6275	10635	1516	6640	8156
645	06/10/2012	4	1	10	0	6	0	1	554167	538521	664167	268025	3031	4934	7965
646	07/10/2012	4	1	10	0	0	0	2	415833	419813	708333	141162	781	2729	3510
647	08/10/2012	4	1	10	1	1	0	2	383333	387608	709583	189679	874	4604	5478
648	09/10/2012	4	1	10	0	2	1	2	446667	438112	761667	1903	601	5791	6392
649	10/10/2012	4	1	10	0	3	1	1	514167	503142	630833	187821	780	6911	7691
650	11/10/2012	4	1	10	0	4	1	1	435	431167	463333	181596	834	6736	7570
651	12/10/2012	4	1	10	0	5	1	1	4375	433071	539167	235092	1060	6222	7282
652	13/10/2012	4	1	10	0	6	0	1	393333	391396	494583	146142	2252	4857	7109
653	14/10/2012	4	1	10	0	0	0	1	521667	508204	640417	278612	2080	4559	6639
654	15/10/2012	4	1	10	0	1	1	2	561667	53915	7075	296037	760	5115	5875
655	16/10/2012	4	1	10	0	2	1	1	468333	460846	558333	182221	922	6612	7534
656	17/10/2012	4	1	10	0	3	1	1	455833	450108	692917	101371	979	6482	7461
657	18/10/2012	4	1	10	0	4	1	2	5225	512625	728333	236937	1008	6501	7509
658	19/10/2012	4	1	10	0	5	1	2	563333	537896	815	134954	753	4671	5424
659	20/10/2012	4	1	10	0	6	0	1	484167	472842	572917	117537	2806	5284	8090
660	21/10/2012	4	1	10	0	0	0	1	464167	456429	51	166054	2132	4692	6824
661	22/10/2012	4	1	10	0	1	1	1	4875	482942	568333	814833	830	6228	7058
662	23/10/2012	4	1	10	0	2	1	1	544167	530304	641667	945458	841	6625	7466
663	24/10/2012	4	1	10	0	3	1	1	5875	558721	63625	727792	795	6898	7693
664	25/10/2012	4	1	10	0	4	1	2	55	529688	800417	124375	875	6484	7359
665	26/10/2012	4	1	10	0	5	1	2	545833	52275	807083	132467	1182	6262	7444
666	27/10/2012	4	1	10	0	6	0	2	53	515133	72	235692	2643	5209	7852
667	28/10/2012	4	1	10	0	0	0	2	4775	467771	694583	398008	998	3461	4459
668	29/10/2012	4	1	10	0	1	1	3	44	4394	88	3582	2	20	22
669	30/10/2012	4	1	10	0	2	1	2	318182	309909	825455	213009	87	1009	1096
670	31/10/2012	4	1	10	0	3	1	2	3575	3611	666667	166667	419	5147	5566
671	01/11/2012	4	1	11	0	4	1	2	365833	369942	581667	157346	466	5520	5986
672	02/11/2012	4	1	11	0	5	1	1	355	356042	522083	266175	618	5229	5847
673	03/11/2012	4	1	11	0	6	0	2	343333	323846	49125	270529	1029	4109	5138
674	04/11/2012	4	1	11	0	0	0	1	325833	329538	532917	179108	1201	3906	5107
675	05/11/2012	4	1	11	0	1	1	1	319167	308075	494167	236325	378	4881	5259
676	06/11/2012	4	1	11	0	2	1	1	280833	281567	567083	173513	466	5220	5686
677	07/11/2012	4	1	11	0	3	1	2	295833	274621	5475	304108	326	4709	5035
678	08/11/2012	4	1	11	0	4	1	1	352174	341891	333478	347835	340	4975	5315
679	09/11/2012	4	1	11	0	5	1	1	361667	355413	540833	214558	709	5283	5992
680	10/11/2012	4	1	11	0	6	0	1	389167	393937	645417	578458	2090	4446	6536
681	11/11/2012	4	1	11	0	0	0	1	420833	421713	659167	1275	2290	4562	6852
682	12/11/2012	4	1	11	1	1	0	1	485	475383	741667	173517	1097	5172	6269
683	13/11/2012	4	1	11	0	2	1	2	343333	323225	662917	342046	327	3767	4094
684	14/11/2012	4	1	11	0	3	1	1	289167	281563	552083	199625	373	5122	5495
685	15/11/2012	4	1	11	0	4	1	2	321667	324492	620417	152987	320	5125	5445
686	16/11/2012	4	1	11	0	5	1	1	345	347204	524583	171025	484	5214	5698
687	17/11/2012	4	1	11	0	6	0	1	325	326383	545417	179729	1313	4316	5629
688	18/11/2012	4	1	11	0	0	0	1	3425	337746	692917	227612	922	3747	4669
689	19/11/2012	4	1	11	0	1	1	2	380833	375621	623333	235067	449	5050	5499
690	20/11/2012	4	1	11	0	2	1	2	374167	380667	685	82725	534	5100	5634
691	21/11/2012	4	1	11	0	3	1	1	353333	364892	61375	103246	615	4531	5146
692	22/11/2012	4	1	11	1	4	0	1	34	350371	580417	528708	955	1470	2425
693	23/11/2012	4	1	11	0	5	1	1	368333	378779	56875	148021	1603	2307	3910
694	24/11/2012	4	1	11	0	6	0	1	278333	248742	404583	376871	532	1745	2277
695	25/11/2012	4	1	11	0	0	0	1	245833	257583	468333	1505	309	2115	2424
696	26/11/2012	4	1	11	0	1	1	1	313333	339004	535417	4665	337	4750	5087
697	27/11/2012	4	1	11	0	2	1	2	291667	281558	786667	237562	123	3836	3959
698	28/11/2012	4	1	11	0	3	1	1	296667	289762	50625	210821	198	5062	5260
699	29/11/2012	4	1	11	0	4	1	1	28087	298422	555652	115522	243	5080	5323
700	30/11/2012	4	1	11	0	5	1	1	298333	323867	649583	584708	362	5306	5668
701	01/12/2012	4	1	12	0	6	0	2	298333	316904	806667	597042	951	4240	5191
702	02/12/2012	4	1	12	0	0	0	2	3475	359208	823333	124379	892	3757	4649
703	03/12/2012	4	1	12	0	1	1	1	4525	455796	7675	827208	555	5679	6234
704	04/12/2012	4	1	12	0	2	1	1	475833	469054	73375	174129	551	6055	6606
705	05/12/2012	4	1	12	0	3	1	1	438333	428012	485	324021	331	5398	5729
706	06/12/2012	4	1	12	0	4	1	1	255833	258204	50875	174754	340	5035	5375
707	07/12/2012	4	1	12	0	5	1	2	320833	321958	764167	1306	349	4659	5008
708	08/12/2012	4	1	12	0	6	0	2	381667	389508	91125	101379	1153	4429	5582
709	09/12/2012	4	1	12	0	0	0	2	384167	390146	905417	157975	441	2787	3228
710	10/12/2012	4	1	12	0	1	1	2	435833	435575	925	190308	329	4841	5170
711	11/12/2012	4	1	12	0	2	1	2	353333	338363	596667	296037	282	5219	5501
712	12/12/2012	4	1	12	0	3	1	2	2975	297338	538333	162937	310	5009	5319
713	13/12/2012	4	1	12	0	4	1	1	295833	294188	485833	174129	425	5107	5532
714	14/12/2012	4	1	12	0	5	1	1	281667	294192	642917	131229	429	5182	5611
715	15/12/2012	4	1	12	0	6	0	1	324167	338383	650417	10635	767	4280	5047
716	16/12/2012	4	1	12	0	0	0	2	3625	369938	83875	100742	538	3248	3786
717	17/12/2012	4	1	12	0	1	1	2	393333	4015	907083	982583	212	4373	4585
718	18/12/2012	4	1	12	0	2	1	1	410833	409708	66625	221404	433	5124	5557
719	19/12/2012	4	1	12	0	3	1	1	3325	342162	625417	184092	333	4934	5267
720	20/12/2012	4	1	12	0	4	1	2	33	335217	667917	132463	314	3814	4128
721	21/12/2012	1	1	12	0	5	1	2	326667	301767	556667	374383	221	3402	3623
722	22/12/2012	1	1	12	0	6	0	1	265833	236113	44125	407346	205	1544	1749
723	23/12/2012	1	1	12	0	0	0	1	245833	259471	515417	133083	408	1379	1787
724	24/12/2012	1	1	12	0	1	1	2	231304	2589	791304	772304	174	746	920
725	25/12/2012	1	1	12	1	2	0	2	291304	294465	734783	168726	440	573	1013
726	26/12/2012	1	1	12	0	3	1	3	243333	220333	823333	316546	9	432	441
727	27/12/2012	1	1	12	0	4	1	2	254167	226642	652917	350133	247	1867	2114
728	28/12/2012	1	1	12	0	5	1	2	253333	255046	59	155471	644	2451	3095
729	29/12/2012	1	1	12	0	6	0	2	253333	2424	752917	124383	159	1182	1341
730	30/12/2012	1	1	12	0	0	0	1	255833	2317	483333	350754	364	1432	1796
731	31/12/2012	1	1	12	0	1	1	2	215833	223487	5775	154846	439	2290	2729
